<!-->
	<Recipe timeRequired="NUMBER" power="NUMBER">
		<input>
			<fluidStack>FLUID NAME SIZE</fluidStack>
			<itemStack>ITEM_NAME SIZE META</itemStack>
			<oreDict>OREDICT_NAME SIZE</oreDict>
        </input>
		<output>
			<fluidStack>FLUID_NAME SIZE</fluidStack>
			<itemStack>ITEM_NAME SIZE META</itemStack>
			<oreDict>OREDICT_NAME SIZE</oreDict>
		</output>
	</Recipe>
	
	Can have Multiple In/Outputs
	Some Machines can only Accept either Fluids or Items
	
	timeRequired="NUMBER"	how long a Recipe takes, Unit is in Ticks.
	power="NUMBER" how much Power the Recipes takes per Tick. Unit is in RF.
	
	The "useDefault" attribute will prevent loading of recipes if set to "false"
<!-->
<Recipes useDefault="true">
	<Recipe timeRequired="40" power ="20">
		<input>
			<itemStack>advancedrocketry:carbonScrubberCartridge 1 172800</itemStack>
		</input>
		<output>
			<itemStack>advancedrocketry:carbonScrubberCartridge</itemStack>
			<itemStack>minecraft:coal 1 1</itemStack>
		</output>
	</Recipe>
	<Recipe timeRequired="100" power ="1">
		<input>
			<itemStack>minecraft:bone</itemStack>
			<fluidStack>nitrogen 10</fluidStack>
		</input>
		<output>
			<itemStack>minecraft:dye 5 15</itemStack>
		</output>
	</Recipe>
	<Recipe timeRequired="100" power ="10">
		<input>
			<fluidStack>oxygen 10</fluidStack>
			<fluidStack>hydrogen 10</fluidStack>
		</input>
		<output>
			<fluidStack>rocketfuel 20</fluidStack>
		</output>
	</Recipe>
	<Recipe timeRequired="100" power ="10">
		<input>
			<itemStack>natura:imp_armor_boots</itemStack>
			<oreDict>gemDiamond</oreDict>
		</input>
		<output>
			<itemStack>natura:imp_armor_boots</itemStack>
		</output>
	</Recipe>
	<Recipe timeRequired="100" power ="10">
		<input>
			<itemStack>actuallyadditions:itemHelmQuartz</itemStack>
			<oreDict>gemDiamond</oreDict>
		</input>
		<output>
			<itemStack>actuallyadditions:itemHelmQuartz</itemStack>
		</output>
	</Recipe>
	<Recipe timeRequired="100" power ="10">
		<input>
			<itemStack>arsmagica2:boots_mage</itemStack>
			<oreDict>gemDiamond</oreDict>
		</input>
		<output>
			<itemStack>arsmagica2:boots_mage</itemStack>
		</output>
	</Recipe>
	<Recipe timeRequired="100" power ="10">
		<input>
			<itemStack>actuallyadditions:itemBootsObsidian</itemStack>
			<oreDict>gemDiamond</oreDict>
		</input>
		<output>
			<itemStack>actuallyadditions:itemBootsObsidian</itemStack>
		</output>
	</Recipe>
	<Recipe timeRequired="100" power ="10">
		<input>
			<itemStack>thermalfoundation:armor.boots_bronze</itemStack>
			<oreDict>gemDiamond</oreDict>
		</input>
		<output>
			<itemStack>thermalfoundation:armor.boots_bronze</itemStack>
		</output>
	</Recipe>
	<Recipe timeRequired="100" power ="10">
		<input>
			<itemStack>harvestcraft:hardenedleatherbootsitem</itemStack>
			<oreDict>gemDiamond</oreDict>
		</input>
		<output>
			<itemStack>harvestcraft:hardenedleatherbootsitem</itemStack>
		</output>
	</Recipe>
	<Recipe timeRequired="100" power ="10">
		<input>
			<itemStack>bloodmagic:ItemPackSelfSacrifice</itemStack>
			<oreDict>gemDiamond</oreDict>
			<itemStack>advancedrocketry:pressureTank 1 3</itemStack>
		</input>
		<output>
			<itemStack>bloodmagic:ItemPackSelfSacrifice</itemStack>
		</output>
	</Recipe>
	<Recipe timeRequired="100" power ="10">
		<input>
			<itemStack>inventorypets:solstice_chestplate</itemStack>
			<oreDict>gemDiamond</oreDict>
			<itemStack>advancedrocketry:pressureTank 1 3</itemStack>
		</input>
		<output>
			<itemStack>inventorypets:solstice_chestplate</itemStack>
		</output>
	</Recipe>
	<Recipe timeRequired="100" power ="10">
		<input>
			<itemStack>bloodmagic:ItemLivingArmourHelmet</itemStack>
			<oreDict>gemDiamond</oreDict>
		</input>
		<output>
			<itemStack>bloodmagic:ItemLivingArmourHelmet</itemStack>
		</output>
	</Recipe>
	<Recipe timeRequired="100" power ="10">
		<input>
			<itemStack>thermalfoundation:armor.legs_silver</itemStack>
			<oreDict>gemDiamond</oreDict>
		</input>
		<output>
			<itemStack>thermalfoundation:armor.legs_silver</itemStack>
		</output>
	</Recipe>
	<Recipe timeRequired="100" power ="10">
		<input>
			<itemStack>railcraft:armor_goggles</itemStack>
			<oreDict>gemDiamond</oreDict>
		</input>
		<output>
			<itemStack>railcraft:armor_goggles</itemStack>
		</output>
	</Recipe>
	<Recipe timeRequired="100" power ="10">
		<input>
			<itemStack>actuallyadditions:itemChestObsidian</itemStack>
			<oreDict>gemDiamond</oreDict>
			<itemStack>advancedrocketry:pressureTank 1 3</itemStack>
		</input>
		<output>
			<itemStack>actuallyadditions:itemChestObsidian</itemStack>
		</output>
	</Recipe>
	<Recipe timeRequired="100" power ="10">
		<input>
			<itemStack>actuallyadditions:itemChestCrystalWhite</itemStack>
			<oreDict>gemDiamond</oreDict>
			<itemStack>advancedrocketry:pressureTank 1 3</itemStack>
		</input>
		<output>
			<itemStack>actuallyadditions:itemChestCrystalWhite</itemStack>
		</output>
	</Recipe>
	<Recipe timeRequired="100" power ="10">
		<input>
			<itemStack>actuallyadditions:itemHelmCrystalLightBlue</itemStack>
			<oreDict>gemDiamond</oreDict>
		</input>
		<output>
			<itemStack>actuallyadditions:itemHelmCrystalLightBlue</itemStack>
		</output>
	</Recipe>
	<Recipe timeRequired="100" power ="10">
		<input>
			<itemStack>botania:terrasteelChest</itemStack>
			<oreDict>gemDiamond</oreDict>
			<itemStack>advancedrocketry:pressureTank 1 3</itemStack>
		</input>
		<output>
			<itemStack>botania:terrasteelChest</itemStack>
		</output>
	</Recipe>
	<Recipe timeRequired="100" power ="10">
		<input>
			<itemStack>arsmagica2:water_orbs</itemStack>
			<oreDict>gemDiamond</oreDict>
		</input>
		<output>
			<itemStack>arsmagica2:water_orbs</itemStack>
		</output>
	</Recipe>
	<Recipe timeRequired="100" power ="10">
		<input>
			<itemStack>actuallyadditions:itemBootsCrystalRed</itemStack>
			<oreDict>gemDiamond</oreDict>
		</input>
		<output>
			<itemStack>actuallyadditions:itemBootsCrystalRed</itemStack>
		</output>
	</Recipe>
	<Recipe timeRequired="100" power ="10">
		<input>
			<itemStack>thermalfoundation:armor.plate_nickel</itemStack>
			<oreDict>gemDiamond</oreDict>
			<itemStack>advancedrocketry:pressureTank 1 3</itemStack>
		</input>
		<output>
			<itemStack>thermalfoundation:armor.plate_nickel</itemStack>
		</output>
	</Recipe>
	<Recipe timeRequired="100" power ="10">
		<input>
			<itemStack>botania:manaweaveBoots</itemStack>
			<oreDict>gemDiamond</oreDict>
		</input>
		<output>
			<itemStack>botania:manaweaveBoots</itemStack>
		</output>
	</Recipe>
	<Recipe timeRequired="100" power ="10">
		<input>
			<itemStack>botania:terrasteelHelm</itemStack>
			<oreDict>gemDiamond</oreDict>
		</input>
		<output>
			<itemStack>botania:terrasteelHelm</itemStack>
		</output>
	</Recipe>
	<Recipe timeRequired="100" power ="10">
		<input>
			<itemStack>immersiveengineering:earmuffs</itemStack>
			<oreDict>gemDiamond</oreDict>
		</input>
		<output>
			<itemStack>immersiveengineering:earmuffs</itemStack>
		</output>
	</Recipe>
	<Recipe timeRequired="100" power ="10">
		<input>
			<itemStack>minecraft:iron_leggings</itemStack>
			<oreDict>gemDiamond</oreDict>
		</input>
		<output>
			<itemStack>minecraft:iron_leggings</itemStack>
		</output>
	</Recipe>
	<Recipe timeRequired="100" power ="10">
		<input>
			<itemStack>thermalfoundation:armor.legs_nickel</itemStack>
			<oreDict>gemDiamond</oreDict>
		</input>
		<output>
			<itemStack>thermalfoundation:armor.legs_nickel</itemStack>
		</output>
	</Recipe>
	<Recipe timeRequired="100" power ="10">
		<input>
			<itemStack>botania:manasteelChest</itemStack>
			<oreDict>gemDiamond</oreDict>
			<itemStack>advancedrocketry:pressureTank 1 3</itemStack>
		</input>
		<output>
			<itemStack>botania:manasteelChest</itemStack>
		</output>
	</Recipe>
	<Recipe timeRequired="100" power ="10">
		<input>
			<itemStack>actuallyadditions:itemHelmCrystalBlack</itemStack>
			<oreDict>gemDiamond</oreDict>
		</input>
		<output>
			<itemStack>actuallyadditions:itemHelmCrystalBlack</itemStack>
		</output>
	</Recipe>
	<Recipe timeRequired="100" power ="10">
		<input>
			<itemStack>thermalfoundation:armor.helmet_invar</itemStack>
			<oreDict>gemDiamond</oreDict>
		</input>
		<output>
			<itemStack>thermalfoundation:armor.helmet_invar</itemStack>
		</output>
	</Recipe>
	<Recipe timeRequired="100" power ="10">
		<input>
			<itemStack>actuallyadditions:itemBootsQuartz</itemStack>
			<oreDict>gemDiamond</oreDict>
		</input>
		<output>
			<itemStack>actuallyadditions:itemBootsQuartz</itemStack>
		</output>
	</Recipe>
	<Recipe timeRequired="100" power ="10">
		<input>
			<itemStack>arsmagica2:legs_mage</itemStack>
			<oreDict>gemDiamond</oreDict>
		</input>
		<output>
			<itemStack>arsmagica2:legs_mage</itemStack>
		</output>
	</Recipe>
	<Recipe timeRequired="100" power ="10">
		<input>
			<itemStack>thermalfoundation:armor.helmet_lead</itemStack>
			<oreDict>gemDiamond</oreDict>
		</input>
		<output>
			<itemStack>thermalfoundation:armor.helmet_lead</itemStack>
		</output>
	</Recipe>
	<Recipe timeRequired="100" power ="10">
		<input>
			<itemStack>arsmagica2:chest_battlemage</itemStack>
			<oreDict>gemDiamond</oreDict>
			<itemStack>advancedrocketry:pressureTank 1 3</itemStack>
		</input>
		<output>
			<itemStack>arsmagica2:chest_battlemage</itemStack>
		</output>
	</Recipe>
	<Recipe timeRequired="100" power ="10">
		<input>
			<itemStack>botania:manasteelHelm</itemStack>
			<oreDict>gemDiamond</oreDict>
		</input>
		<output>
			<itemStack>botania:manasteelHelm</itemStack>
		</output>
	</Recipe>
	<Recipe timeRequired="100" power ="10">
		<input>
			<itemStack>actuallyadditions:itemChestCrystalLightBlue</itemStack>
			<oreDict>gemDiamond</oreDict>
			<itemStack>advancedrocketry:pressureTank 1 3</itemStack>
		</input>
		<output>
			<itemStack>actuallyadditions:itemChestCrystalLightBlue</itemStack>
		</output>
	</Recipe>
	<Recipe timeRequired="100" power ="10">
		<input>
			<itemStack>immersiveengineering:faradaySuit_head</itemStack>
			<oreDict>gemDiamond</oreDict>
		</input>
		<output>
			<itemStack>immersiveengineering:faradaySuit_head</itemStack>
		</output>
	</Recipe>
	<Recipe timeRequired="100" power ="10">
		<input>
			<itemStack>minecraft:leather_leggings</itemStack>
			<oreDict>gemDiamond</oreDict>
		</input>
		<output>
			<itemStack>minecraft:leather_leggings</itemStack>
		</output>
	</Recipe>
	<Recipe timeRequired="100" power ="10">
		<input>
			<itemStack>thermalfoundation:armor.legs_lead</itemStack>
			<oreDict>gemDiamond</oreDict>
		</input>
		<output>
			<itemStack>thermalfoundation:armor.legs_lead</itemStack>
		</output>
	</Recipe>
	<Recipe timeRequired="100" power ="10">
		<input>
			<itemStack>bloodmagic:ItemSentientArmourChest</itemStack>
			<oreDict>gemDiamond</oreDict>
			<itemStack>advancedrocketry:pressureTank 1 3</itemStack>
		</input>
		<output>
			<itemStack>bloodmagic:ItemSentientArmourChest</itemStack>
		</output>
	</Recipe>
	<Recipe timeRequired="100" power ="10">
		<input>
			<itemStack>immersiveengineering:faradaySuit_legs</itemStack>
			<oreDict>gemDiamond</oreDict>
		</input>
		<output>
			<itemStack>immersiveengineering:faradaySuit_legs</itemStack>
		</output>
	</Recipe>
	<Recipe timeRequired="100" power ="10">
		<input>
			<itemStack>thermalfoundation:armor.legs_invar</itemStack>
			<oreDict>gemDiamond</oreDict>
		</input>
		<output>
			<itemStack>thermalfoundation:armor.legs_invar</itemStack>
		</output>
	</Recipe>
	<Recipe timeRequired="100" power ="10">
		<input>
			<itemStack>railcraft:armor_helmet_steel</itemStack>
			<oreDict>gemDiamond</oreDict>
		</input>
		<output>
			<itemStack>railcraft:armor_helmet_steel</itemStack>
		</output>
	</Recipe>
	<Recipe timeRequired="100" power ="10">
		<input>
			<itemStack>thermalfoundation:armor.helmet_tin</itemStack>
			<oreDict>gemDiamond</oreDict>
		</input>
		<output>
			<itemStack>thermalfoundation:armor.helmet_tin</itemStack>
		</output>
	</Recipe>
	<Recipe timeRequired="100" power ="10">
		<input>
			<itemStack>thermalfoundation:armor.plate_platinum</itemStack>
			<oreDict>gemDiamond</oreDict>
			<itemStack>advancedrocketry:pressureTank 1 3</itemStack>
		</input>
		<output>
			<itemStack>thermalfoundation:armor.plate_platinum</itemStack>
		</output>
	</Recipe>
	<Recipe timeRequired="100" power ="10">
		<input>
			<itemStack>thermalfoundation:armor.plate_lead</itemStack>
			<oreDict>gemDiamond</oreDict>
			<itemStack>advancedrocketry:pressureTank 1 3</itemStack>
		</input>
		<output>
			<itemStack>thermalfoundation:armor.plate_lead</itemStack>
		</output>
	</Recipe>
	<Recipe timeRequired="100" power ="10">
		<input>
			<itemStack>thermalfoundation:armor.boots_lead</itemStack>
			<oreDict>gemDiamond</oreDict>
		</input>
		<output>
			<itemStack>thermalfoundation:armor.boots_lead</itemStack>
		</output>
	</Recipe>
	<Recipe timeRequired="100" power ="10">
		<input>
			<itemStack>railcraft:armor_leggings_steel</itemStack>
			<oreDict>gemDiamond</oreDict>
		</input>
		<output>
			<itemStack>railcraft:armor_leggings_steel</itemStack>
		</output>
	</Recipe>
	<Recipe timeRequired="100" power ="10">
		<input>
			<itemStack>thermalfoundation:armor.legs_copper</itemStack>
			<oreDict>gemDiamond</oreDict>
		</input>
		<output>
			<itemStack>thermalfoundation:armor.legs_copper</itemStack>
		</output>
	</Recipe>
	<Recipe timeRequired="100" power ="10">
		<input>
			<itemStack>minecraft:iron_helmet</itemStack>
			<oreDict>gemDiamond</oreDict>
		</input>
		<output>
			<itemStack>minecraft:iron_helmet</itemStack>
		</output>
	</Recipe>
	<Recipe timeRequired="100" power ="10">
		<input>
			<itemStack>thermalfoundation:armor.helmet_bronze</itemStack>
			<oreDict>gemDiamond</oreDict>
		</input>
		<output>
			<itemStack>thermalfoundation:armor.helmet_bronze</itemStack>
		</output>
	</Recipe>
	<Recipe timeRequired="100" power ="10">
		<input>
			<itemStack>minecraft:iron_chestplate</itemStack>
			<oreDict>gemDiamond</oreDict>
			<itemStack>advancedrocketry:pressureTank 1 3</itemStack>
		</input>
		<output>
			<itemStack>minecraft:iron_chestplate</itemStack>
		</output>
	</Recipe>
	<Recipe timeRequired="100" power ="10">
		<input>
			<itemStack>thermalfoundation:armor.legs_tin</itemStack>
			<oreDict>gemDiamond</oreDict>
		</input>
		<output>
			<itemStack>thermalfoundation:armor.legs_tin</itemStack>
		</output>
	</Recipe>
	<Recipe timeRequired="100" power ="10">
		<input>
			<itemStack>actuallyadditions:itemBootsCrystalBlack</itemStack>
			<oreDict>gemDiamond</oreDict>
		</input>
		<output>
			<itemStack>actuallyadditions:itemBootsCrystalBlack</itemStack>
		</output>
	</Recipe>
	<Recipe timeRequired="100" power ="10">
		<input>
			<itemStack>bloodmagic:ItemPackSacrifice</itemStack>
			<oreDict>gemDiamond</oreDict>
			<itemStack>advancedrocketry:pressureTank 1 3</itemStack>
		</input>
		<output>
			<itemStack>bloodmagic:ItemPackSacrifice</itemStack>
		</output>
	</Recipe>
	<Recipe timeRequired="100" power ="10">
		<input>
			<itemStack>actuallyadditions:itemChestCrystalRed</itemStack>
			<oreDict>gemDiamond</oreDict>
			<itemStack>advancedrocketry:pressureTank 1 3</itemStack>
		</input>
		<output>
			<itemStack>actuallyadditions:itemChestCrystalRed</itemStack>
		</output>
	</Recipe>
	<Recipe timeRequired="100" power ="10">
		<input>
			<itemStack>actuallyadditions:itemBootsCrystalBlue</itemStack>
			<oreDict>gemDiamond</oreDict>
		</input>
		<output>
			<itemStack>actuallyadditions:itemBootsCrystalBlue</itemStack>
		</output>
	</Recipe>
	<Recipe timeRequired="100" power ="10">
		<input>
			<itemStack>thermalfoundation:armor.plate_tin</itemStack>
			<oreDict>gemDiamond</oreDict>
			<itemStack>advancedrocketry:pressureTank 1 3</itemStack>
		</input>
		<output>
			<itemStack>thermalfoundation:armor.plate_tin</itemStack>
		</output>
	</Recipe>
	<Recipe timeRequired="100" power ="10">
		<input>
			<itemStack>thermalfoundation:armor.plate_bronze</itemStack>
			<oreDict>gemDiamond</oreDict>
			<itemStack>advancedrocketry:pressureTank 1 3</itemStack>
		</input>
		<output>
			<itemStack>thermalfoundation:armor.plate_bronze</itemStack>
		</output>
	</Recipe>
	<Recipe timeRequired="100" power ="10">
		<input>
			<itemStack>natura:imp_armor_chestplate</itemStack>
			<oreDict>gemDiamond</oreDict>
			<itemStack>advancedrocketry:pressureTank 1 3</itemStack>
		</input>
		<output>
			<itemStack>natura:imp_armor_chestplate</itemStack>
		</output>
	</Recipe>
	<Recipe timeRequired="100" power ="10">
		<input>
			<itemStack>actuallyadditions:itemHelmCrystalWhite</itemStack>
			<oreDict>gemDiamond</oreDict>
		</input>
		<output>
			<itemStack>actuallyadditions:itemHelmCrystalWhite</itemStack>
		</output>
	</Recipe>
	<Recipe timeRequired="100" power ="10">
		<input>
			<itemStack>inventorypets:solstice_helmet</itemStack>
			<oreDict>gemDiamond</oreDict>
		</input>
		<output>
			<itemStack>inventorypets:solstice_helmet</itemStack>
		</output>
	</Recipe>
	<Recipe timeRequired="100" power ="10">
		<input>
			<itemStack>thermalfoundation:armor.boots_electrum</itemStack>
			<oreDict>gemDiamond</oreDict>
		</input>
		<output>
			<itemStack>thermalfoundation:armor.boots_electrum</itemStack>
		</output>
	</Recipe>
	<Recipe timeRequired="100" power ="10">
		<input>
			<itemStack>actuallyadditions:itemPantsCrystalBlue</itemStack>
			<oreDict>gemDiamond</oreDict>
		</input>
		<output>
			<itemStack>actuallyadditions:itemPantsCrystalBlue</itemStack>
		</output>
	</Recipe>
	<Recipe timeRequired="100" power ="10">
		<input>
			<itemStack>embers:ashenCloakHead</itemStack>
			<oreDict>gemDiamond</oreDict>
		</input>
		<output>
			<itemStack>embers:ashenCloakHead</itemStack>
		</output>
	</Recipe>
	<Recipe timeRequired="100" power ="10">
		<input>
			<itemStack>thermalfoundation:armor.boots_invar</itemStack>
			<oreDict>gemDiamond</oreDict>
		</input>
		<output>
			<itemStack>thermalfoundation:armor.boots_invar</itemStack>
		</output>
	</Recipe>
	<Recipe timeRequired="100" power ="10">
		<input>
			<itemStack>arsmagica2:boots_battlemage</itemStack>
			<oreDict>gemDiamond</oreDict>
		</input>
		<output>
			<itemStack>arsmagica2:boots_battlemage</itemStack>
		</output>
	</Recipe>
	<Recipe timeRequired="100" power ="10">
		<input>
			<itemStack>thermalfoundation:armor.helmet_electrum</itemStack>
			<oreDict>gemDiamond</oreDict>
		</input>
		<output>
			<itemStack>thermalfoundation:armor.helmet_electrum</itemStack>
		</output>
	</Recipe>
	<Recipe timeRequired="100" power ="10">
		<input>
			<itemStack>botania:terrasteelBoots</itemStack>
			<oreDict>gemDiamond</oreDict>
		</input>
		<output>
			<itemStack>botania:terrasteelBoots</itemStack>
		</output>
	</Recipe>
	<Recipe timeRequired="100" power ="10">
		<input>
			<itemStack>embers:ashenCloakLegs</itemStack>
			<oreDict>gemDiamond</oreDict>
		</input>
		<output>
			<itemStack>embers:ashenCloakLegs</itemStack>
		</output>
	</Recipe>
	<Recipe timeRequired="100" power ="10">
		<input>
			<itemStack>actuallyadditions:itemPantsCrystalBlack</itemStack>
			<oreDict>gemDiamond</oreDict>
		</input>
		<output>
			<itemStack>actuallyadditions:itemPantsCrystalBlack</itemStack>
		</output>
	</Recipe>
	<Recipe timeRequired="100" power ="10">
		<input>
			<itemStack>arsmagica2:magitech_goggles</itemStack>
			<oreDict>gemDiamond</oreDict>
		</input>
		<output>
			<itemStack>arsmagica2:magitech_goggles</itemStack>
		</output>
	</Recipe>
	<Recipe timeRequired="100" power ="10">
		<input>
			<itemStack>minecraft:diamond_boots</itemStack>
			<oreDict>gemDiamond</oreDict>
		</input>
		<output>
			<itemStack>minecraft:diamond_boots</itemStack>
		</output>
	</Recipe>
	<Recipe timeRequired="100" power ="10">
		<input>
			<itemStack>harvestcraft:hardenedleatherleggingsitem</itemStack>
			<oreDict>gemDiamond</oreDict>
		</input>
		<output>
			<itemStack>harvestcraft:hardenedleatherleggingsitem</itemStack>
		</output>
	</Recipe>
	<Recipe timeRequired="100" power ="10">
		<input>
			<itemStack>actuallyadditions:itemChestQuartz</itemStack>
			<oreDict>gemDiamond</oreDict>
			<itemStack>advancedrocketry:pressureTank 1 3</itemStack>
		</input>
		<output>
			<itemStack>actuallyadditions:itemChestQuartz</itemStack>
		</output>
	</Recipe>
	<Recipe timeRequired="100" power ="10">
		<input>
			<itemStack>botania:manasteelBoots</itemStack>
			<oreDict>gemDiamond</oreDict>
		</input>
		<output>
			<itemStack>botania:manasteelBoots</itemStack>
		</output>
	</Recipe>
	<Recipe timeRequired="100" power ="10">
		<input>
			<itemStack>thermalfoundation:armor.boots_silver</itemStack>
			<oreDict>gemDiamond</oreDict>
		</input>
		<output>
			<itemStack>thermalfoundation:armor.boots_silver</itemStack>
		</output>
	</Recipe>
	<Recipe timeRequired="100" power ="10">
		<input>
			<itemStack>xreliquary:witch_hat</itemStack>
			<oreDict>gemDiamond</oreDict>
		</input>
		<output>
			<itemStack>xreliquary:witch_hat</itemStack>
		</output>
	</Recipe>
	<Recipe timeRequired="100" power ="10">
		<input>
			<itemStack>minecraft:leather_chestplate</itemStack>
			<oreDict>gemDiamond</oreDict>
			<itemStack>advancedrocketry:pressureTank 1 3</itemStack>
		</input>
		<output>
			<itemStack>minecraft:leather_chestplate</itemStack>
		</output>
	</Recipe>
	<Recipe timeRequired="100" power ="10">
		<input>
			<itemStack>embers:ashenCloakChest</itemStack>
			<oreDict>gemDiamond</oreDict>
			<itemStack>advancedrocketry:pressureTank 1 3</itemStack>
		</input>
		<output>
			<itemStack>embers:ashenCloakChest</itemStack>
		</output>
	</Recipe>
	<Recipe timeRequired="100" power ="10">
		<input>
			<itemStack>bibliocraft:BiblioGlasses</itemStack>
			<oreDict>gemDiamond</oreDict>
		</input>
		<output>
			<itemStack>bibliocraft:BiblioGlasses</itemStack>
		</output>
	</Recipe>
	<Recipe timeRequired="100" power ="10">
		<input>
			<itemStack>actuallyadditions:itemChestCrystalBlue</itemStack>
			<oreDict>gemDiamond</oreDict>
			<itemStack>advancedrocketry:pressureTank 1 3</itemStack>
		</input>
		<output>
			<itemStack>actuallyadditions:itemChestCrystalBlue</itemStack>
		</output>
	</Recipe>
	<Recipe timeRequired="100" power ="10">
		<input>
			<itemStack>actuallyadditions:itemHelmCrystalGreen</itemStack>
			<oreDict>gemDiamond</oreDict>
		</input>
		<output>
			<itemStack>actuallyadditions:itemHelmCrystalGreen</itemStack>
		</output>
	</Recipe>
	<Recipe timeRequired="100" power ="10">
		<input>
			<itemStack>thermalfoundation:armor.legs_platinum</itemStack>
			<oreDict>gemDiamond</oreDict>
		</input>
		<output>
			<itemStack>thermalfoundation:armor.legs_platinum</itemStack>
		</output>
	</Recipe>
	<Recipe timeRequired="100" power ="10">
		<input>
			<itemStack>minecraft:golden_helmet</itemStack>
			<oreDict>gemDiamond</oreDict>
		</input>
		<output>
			<itemStack>minecraft:golden_helmet</itemStack>
		</output>
	</Recipe>
	<Recipe timeRequired="100" power ="10">
		<input>
			<itemStack>actuallyadditions:itemHelmCrystalBlue</itemStack>
			<oreDict>gemDiamond</oreDict>
		</input>
		<output>
			<itemStack>actuallyadditions:itemHelmCrystalBlue</itemStack>
		</output>
	</Recipe>
	<Recipe timeRequired="100" power ="10">
		<input>
			<itemStack>railcraft:armor_overalls</itemStack>
			<oreDict>gemDiamond</oreDict>
		</input>
		<output>
			<itemStack>railcraft:armor_overalls</itemStack>
		</output>
	</Recipe>
	<Recipe timeRequired="100" power ="10">
		<input>
			<itemStack>actuallyadditions:itemPantsObsidian</itemStack>
			<oreDict>gemDiamond</oreDict>
		</input>
		<output>
			<itemStack>actuallyadditions:itemPantsObsidian</itemStack>
		</output>
	</Recipe>
	<Recipe timeRequired="100" power ="10">
		<input>
			<itemStack>minecraft:chainmail_chestplate</itemStack>
			<oreDict>gemDiamond</oreDict>
			<itemStack>advancedrocketry:pressureTank 1 3</itemStack>
		</input>
		<output>
			<itemStack>minecraft:chainmail_chestplate</itemStack>
		</output>
	</Recipe>
	<Recipe timeRequired="100" power ="10">
		<input>
			<itemStack>actuallyadditions:itemBootsCrystalWhite</itemStack>
			<oreDict>gemDiamond</oreDict>
		</input>
		<output>
			<itemStack>actuallyadditions:itemBootsCrystalWhite</itemStack>
		</output>
	</Recipe>
	<Recipe timeRequired="100" power ="10">
		<input>
			<itemStack>minecraft:golden_leggings</itemStack>
			<oreDict>gemDiamond</oreDict>
		</input>
		<output>
			<itemStack>minecraft:golden_leggings</itemStack>
		</output>
	</Recipe>
	<Recipe timeRequired="100" power ="10">
		<input>
			<itemStack>bloodmagic:ItemSentientArmourBoots</itemStack>
			<oreDict>gemDiamond</oreDict>
		</input>
		<output>
			<itemStack>bloodmagic:ItemSentientArmourBoots</itemStack>
		</output>
	</Recipe>
	<Recipe timeRequired="100" power ="10">
		<input>
			<itemStack>railcraft:armor_chestplate_steel</itemStack>
			<oreDict>gemDiamond</oreDict>
			<itemStack>advancedrocketry:pressureTank 1 3</itemStack>
		</input>
		<output>
			<itemStack>railcraft:armor_chestplate_steel</itemStack>
		</output>
	</Recipe>
	<Recipe timeRequired="100" power ="10">
		<input>
			<itemStack>bloodmagic:ItemSentientArmourLegs</itemStack>
			<oreDict>gemDiamond</oreDict>
		</input>
		<output>
			<itemStack>bloodmagic:ItemSentientArmourLegs</itemStack>
		</output>
	</Recipe>
	<Recipe timeRequired="100" power ="10">
		<input>
			<itemStack>arsmagica2:fire_ears</itemStack>
			<oreDict>gemDiamond</oreDict>
		</input>
		<output>
			<itemStack>arsmagica2:fire_ears</itemStack>
		</output>
	</Recipe>
	<Recipe timeRequired="100" power ="10">
		<input>
			<itemStack>arsmagica2:ender_boots</itemStack>
			<oreDict>gemDiamond</oreDict>
		</input>
		<output>
			<itemStack>arsmagica2:ender_boots</itemStack>
		</output>
	</Recipe>
	<Recipe timeRequired="100" power ="10">
		<input>
			<itemStack>arsmagica2:helmet_battlemage</itemStack>
			<oreDict>gemDiamond</oreDict>
		</input>
		<output>
			<itemStack>arsmagica2:helmet_battlemage</itemStack>
		</output>
	</Recipe>
	<Recipe timeRequired="100" power ="10">
		<input>
			<itemStack>bloodmagic:ItemLivingArmourChest</itemStack>
			<oreDict>gemDiamond</oreDict>
			<itemStack>advancedrocketry:pressureTank 1 3</itemStack>
		</input>
		<output>
			<itemStack>bloodmagic:ItemLivingArmourChest</itemStack>
		</output>
	</Recipe>
	<Recipe timeRequired="100" power ="10">
		<input>
			<itemStack>actuallyadditions:itemPantsCrystalLightBlue</itemStack>
			<oreDict>gemDiamond</oreDict>
		</input>
		<output>
			<itemStack>actuallyadditions:itemPantsCrystalLightBlue</itemStack>
		</output>
	</Recipe>
	<Recipe timeRequired="100" power ="10">
		<input>
			<itemStack>minecraft:golden_chestplate</itemStack>
			<oreDict>gemDiamond</oreDict>
			<itemStack>advancedrocketry:pressureTank 1 3</itemStack>
		</input>
		<output>
			<itemStack>minecraft:golden_chestplate</itemStack>
		</output>
	</Recipe>
	<Recipe timeRequired="100" power ="10">
		<input>
			<itemStack>natura:imp_armor_helmet</itemStack>
			<oreDict>gemDiamond</oreDict>
		</input>
		<output>
			<itemStack>natura:imp_armor_helmet</itemStack>
		</output>
	</Recipe>
	<Recipe timeRequired="100" power ="10">
		<input>
			<itemStack>botania:elementiumLegs</itemStack>
			<oreDict>gemDiamond</oreDict>
		</input>
		<output>
			<itemStack>botania:elementiumLegs</itemStack>
		</output>
	</Recipe>
	<Recipe timeRequired="100" power ="10">
		<input>
			<itemStack>actuallyadditions:itemBootsCrystalGreen</itemStack>
			<oreDict>gemDiamond</oreDict>
		</input>
		<output>
			<itemStack>actuallyadditions:itemBootsCrystalGreen</itemStack>
		</output>
	</Recipe>
	<Recipe timeRequired="100" power ="10">
		<input>
			<itemStack>botania:manaweaveLegs</itemStack>
			<oreDict>gemDiamond</oreDict>
		</input>
		<output>
			<itemStack>botania:manaweaveLegs</itemStack>
		</output>
	</Recipe>
	<Recipe timeRequired="100" power ="10">
		<input>
			<itemStack>actuallyadditions:itemPantsCrystalWhite</itemStack>
			<oreDict>gemDiamond</oreDict>
		</input>
		<output>
			<itemStack>actuallyadditions:itemPantsCrystalWhite</itemStack>
		</output>
	</Recipe>
	<Recipe timeRequired="100" power ="10">
		<input>
			<itemStack>botania:elementiumChest</itemStack>
			<oreDict>gemDiamond</oreDict>
			<itemStack>advancedrocketry:pressureTank 1 3</itemStack>
		</input>
		<output>
			<itemStack>botania:elementiumChest</itemStack>
		</output>
	</Recipe>
	<Recipe timeRequired="100" power ="10">
		<input>
			<itemStack>arsmagica2:earth_armor</itemStack>
			<oreDict>gemDiamond</oreDict>
			<itemStack>advancedrocketry:pressureTank 1 3</itemStack>
		</input>
		<output>
			<itemStack>arsmagica2:earth_armor</itemStack>
		</output>
	</Recipe>
	<Recipe timeRequired="100" power ="10">
		<input>
			<itemStack>harvestcraft:hardenedleatherhelmitem</itemStack>
			<oreDict>gemDiamond</oreDict>
		</input>
		<output>
			<itemStack>harvestcraft:hardenedleatherhelmitem</itemStack>
		</output>
	</Recipe>
	<Recipe timeRequired="100" power ="10">
		<input>
			<itemStack>minecraft:diamond_helmet</itemStack>
			<oreDict>gemDiamond</oreDict>
		</input>
		<output>
			<itemStack>minecraft:diamond_helmet</itemStack>
		</output>
	</Recipe>
	<Recipe timeRequired="100" power ="10">
		<input>
			<itemStack>thermalfoundation:armor.boots_copper</itemStack>
			<oreDict>gemDiamond</oreDict>
		</input>
		<output>
			<itemStack>thermalfoundation:armor.boots_copper</itemStack>
		</output>
	</Recipe>
	<Recipe timeRequired="100" power ="10">
		<input>
			<itemStack>arsmagica2:chest_mage</itemStack>
			<oreDict>gemDiamond</oreDict>
			<itemStack>advancedrocketry:pressureTank 1 3</itemStack>
		</input>
		<output>
			<itemStack>arsmagica2:chest_mage</itemStack>
		</output>
	</Recipe>
	<Recipe timeRequired="100" power ="10">
		<input>
			<itemStack>bloodmagic:ItemSentientArmourHelmet</itemStack>
			<oreDict>gemDiamond</oreDict>
		</input>
		<output>
			<itemStack>bloodmagic:ItemSentientArmourHelmet</itemStack>
		</output>
	</Recipe>
	<Recipe timeRequired="100" power ="10">
		<input>
			<itemStack>thermalfoundation:armor.legs_bronze</itemStack>
			<oreDict>gemDiamond</oreDict>
		</input>
		<output>
			<itemStack>thermalfoundation:armor.legs_bronze</itemStack>
		</output>
	</Recipe>
	<Recipe timeRequired="100" power ="10">
		<input>
			<itemStack>thermalfoundation:armor.helmet_silver</itemStack>
			<oreDict>gemDiamond</oreDict>
		</input>
		<output>
			<itemStack>thermalfoundation:armor.helmet_silver</itemStack>
		</output>
	</Recipe>
	<Recipe timeRequired="100" power ="10">
		<input>
			<itemStack>actuallyadditions:itemPantsQuartz</itemStack>
			<oreDict>gemDiamond</oreDict>
		</input>
		<output>
			<itemStack>actuallyadditions:itemPantsQuartz</itemStack>
		</output>
	</Recipe>
	<Recipe timeRequired="100" power ="10">
		<input>
			<itemStack>immersiveengineering:faradaySuit_chest</itemStack>
			<oreDict>gemDiamond</oreDict>
			<itemStack>advancedrocketry:pressureTank 1 3</itemStack>
		</input>
		<output>
			<itemStack>immersiveengineering:faradaySuit_chest</itemStack>
		</output>
	</Recipe>
	<Recipe timeRequired="100" power ="10">
		<input>
			<itemStack>actuallyadditions:itemPantsCrystalGreen</itemStack>
			<oreDict>gemDiamond</oreDict>
		</input>
		<output>
			<itemStack>actuallyadditions:itemPantsCrystalGreen</itemStack>
		</output>
	</Recipe>
	<Recipe timeRequired="100" power ="10">
		<input>
			<itemStack>actuallyadditions:itemPantsCrystalRed</itemStack>
			<oreDict>gemDiamond</oreDict>
		</input>
		<output>
			<itemStack>actuallyadditions:itemPantsCrystalRed</itemStack>
		</output>
	</Recipe>
	<Recipe timeRequired="100" power ="10">
		<input>
			<itemStack>actuallyadditions:itemPantsEmerald</itemStack>
			<oreDict>gemDiamond</oreDict>
		</input>
		<output>
			<itemStack>actuallyadditions:itemPantsEmerald</itemStack>
		</output>
	</Recipe>
	<Recipe timeRequired="100" power ="10">
		<input>
			<itemStack>thermalfoundation:armor.plate_invar</itemStack>
			<oreDict>gemDiamond</oreDict>
			<itemStack>advancedrocketry:pressureTank 1 3</itemStack>
		</input>
		<output>
			<itemStack>thermalfoundation:armor.plate_invar</itemStack>
		</output>
	</Recipe>
	<Recipe timeRequired="100" power ="10">
		<input>
			<itemStack>embers:ashenCloakBoots</itemStack>
			<oreDict>gemDiamond</oreDict>
		</input>
		<output>
			<itemStack>embers:ashenCloakBoots</itemStack>
		</output>
	</Recipe>
	<Recipe timeRequired="100" power ="10">
		<input>
			<itemStack>thermalfoundation:armor.plate_silver</itemStack>
			<oreDict>gemDiamond</oreDict>
			<itemStack>advancedrocketry:pressureTank 1 3</itemStack>
		</input>
		<output>
			<itemStack>thermalfoundation:armor.plate_silver</itemStack>
		</output>
	</Recipe>
	<Recipe timeRequired="100" power ="10">
		<input>
			<itemStack>minecraft:leather_boots</itemStack>
			<oreDict>gemDiamond</oreDict>
		</input>
		<output>
			<itemStack>minecraft:leather_boots</itemStack>
		</output>
	</Recipe>
	<Recipe timeRequired="100" power ="10">
		<input>
			<itemStack>thermalfoundation:armor.plate_electrum</itemStack>
			<oreDict>gemDiamond</oreDict>
			<itemStack>advancedrocketry:pressureTank 1 3</itemStack>
		</input>
		<output>
			<itemStack>thermalfoundation:armor.plate_electrum</itemStack>
		</output>
	</Recipe>
	<Recipe timeRequired="100" power ="10">
		<input>
			<itemStack>minecraft:golden_boots</itemStack>
			<oreDict>gemDiamond</oreDict>
		</input>
		<output>
			<itemStack>minecraft:golden_boots</itemStack>
		</output>
	</Recipe>
	<Recipe timeRequired="100" power ="10">
		<input>
			<itemStack>thermalfoundation:armor.helmet_nickel</itemStack>
			<oreDict>gemDiamond</oreDict>
		</input>
		<output>
			<itemStack>thermalfoundation:armor.helmet_nickel</itemStack>
		</output>
	</Recipe>
	<Recipe timeRequired="100" power ="10">
		<input>
			<itemStack>arsmagica2:helmet_mage</itemStack>
			<oreDict>gemDiamond</oreDict>
		</input>
		<output>
			<itemStack>arsmagica2:helmet_mage</itemStack>
		</output>
	</Recipe>
	<Recipe timeRequired="100" power ="10">
		<input>
			<itemStack>minecraft:chainmail_leggings</itemStack>
			<oreDict>gemDiamond</oreDict>
		</input>
		<output>
			<itemStack>minecraft:chainmail_leggings</itemStack>
		</output>
	</Recipe>
	<Recipe timeRequired="100" power ="10">
		<input>
			<itemStack>minecraft:diamond_chestplate</itemStack>
			<oreDict>gemDiamond</oreDict>
			<itemStack>advancedrocketry:pressureTank 1 3</itemStack>
		</input>
		<output>
			<itemStack>minecraft:diamond_chestplate</itemStack>
		</output>
	</Recipe>
	<Recipe timeRequired="100" power ="10">
		<input>
			<itemStack>inventorypets:solstice_leggings</itemStack>
			<oreDict>gemDiamond</oreDict>
		</input>
		<output>
			<itemStack>inventorypets:solstice_leggings</itemStack>
		</output>
	</Recipe>
	<Recipe timeRequired="100" power ="10">
		<input>
			<itemStack>actuallyadditions:itemHelmEmerald</itemStack>
			<oreDict>gemDiamond</oreDict>
		</input>
		<output>
			<itemStack>actuallyadditions:itemHelmEmerald</itemStack>
		</output>
	</Recipe>
	<Recipe timeRequired="100" power ="10">
		<input>
			<itemStack>botania:manasteelHelmReveal</itemStack>
			<oreDict>gemDiamond</oreDict>
		</input>
		<output>
			<itemStack>botania:manasteelHelmReveal</itemStack>
		</output>
	</Recipe>
	<Recipe timeRequired="100" power ="10">
		<input>
			<itemStack>minecraft:diamond_leggings</itemStack>
			<oreDict>gemDiamond</oreDict>
		</input>
		<output>
			<itemStack>minecraft:diamond_leggings</itemStack>
		</output>
	</Recipe>
	<Recipe timeRequired="100" power ="10">
		<input>
			<itemStack>minecraft:iron_boots</itemStack>
			<oreDict>gemDiamond</oreDict>
		</input>
		<output>
			<itemStack>minecraft:iron_boots</itemStack>
		</output>
	</Recipe>
	<Recipe timeRequired="100" power ="10">
		<input>
			<itemStack>botania:terrasteelHelmReveal</itemStack>
			<oreDict>gemDiamond</oreDict>
		</input>
		<output>
			<itemStack>botania:terrasteelHelmReveal</itemStack>
		</output>
	</Recipe>
	<Recipe timeRequired="100" power ="10">
		<input>
			<itemStack>minecraft:chainmail_boots</itemStack>
			<oreDict>gemDiamond</oreDict>
		</input>
		<output>
			<itemStack>minecraft:chainmail_boots</itemStack>
		</output>
	</Recipe>
	<Recipe timeRequired="100" power ="10">
		<input>
			<itemStack>botania:elementiumHelm</itemStack>
			<oreDict>gemDiamond</oreDict>
		</input>
		<output>
			<itemStack>botania:elementiumHelm</itemStack>
		</output>
	</Recipe>
	<Recipe timeRequired="100" power ="10">
		<input>
			<itemStack>botania:manaweaveHelm</itemStack>
			<oreDict>gemDiamond</oreDict>
		</input>
		<output>
			<itemStack>botania:manaweaveHelm</itemStack>
		</output>
	</Recipe>
	<Recipe timeRequired="100" power ="10">
		<input>
			<itemStack>botania:elementiumHelmReveal</itemStack>
			<oreDict>gemDiamond</oreDict>
		</input>
		<output>
			<itemStack>botania:elementiumHelmReveal</itemStack>
		</output>
	</Recipe>
	<Recipe timeRequired="100" power ="10">
		<input>
			<itemStack>thermalfoundation:armor.boots_nickel</itemStack>
			<oreDict>gemDiamond</oreDict>
		</input>
		<output>
			<itemStack>thermalfoundation:armor.boots_nickel</itemStack>
		</output>
	</Recipe>
	<Recipe timeRequired="100" power ="10">
		<input>
			<itemStack>immersiveengineering:faradaySuit_feet</itemStack>
			<oreDict>gemDiamond</oreDict>
		</input>
		<output>
			<itemStack>immersiveengineering:faradaySuit_feet</itemStack>
		</output>
	</Recipe>
	<Recipe timeRequired="100" power ="10">
		<input>
			<itemStack>minecraft:chainmail_helmet</itemStack>
			<oreDict>gemDiamond</oreDict>
		</input>
		<output>
			<itemStack>minecraft:chainmail_helmet</itemStack>
		</output>
	</Recipe>
	<Recipe timeRequired="100" power ="10">
		<input>
			<itemStack>bloodmagic:ItemLivingArmourBoots</itemStack>
			<oreDict>gemDiamond</oreDict>
		</input>
		<output>
			<itemStack>bloodmagic:ItemLivingArmourBoots</itemStack>
		</output>
	</Recipe>
	<Recipe timeRequired="100" power ="10">
		<input>
			<itemStack>harvestcraft:hardenedleatherchestitem</itemStack>
			<oreDict>gemDiamond</oreDict>
			<itemStack>advancedrocketry:pressureTank 1 3</itemStack>
		</input>
		<output>
			<itemStack>harvestcraft:hardenedleatherchestitem</itemStack>
		</output>
	</Recipe>
	<Recipe timeRequired="100" power ="10">
		<input>
			<itemStack>botania:manaweaveChest</itemStack>
			<oreDict>gemDiamond</oreDict>
			<itemStack>advancedrocketry:pressureTank 1 3</itemStack>
		</input>
		<output>
			<itemStack>botania:manaweaveChest</itemStack>
		</output>
	</Recipe>
	<Recipe timeRequired="100" power ="10">
		<input>
			<itemStack>inventorypets:solstice_boots</itemStack>
			<oreDict>gemDiamond</oreDict>
		</input>
		<output>
			<itemStack>inventorypets:solstice_boots</itemStack>
		</output>
	</Recipe>
	<Recipe timeRequired="100" power ="10">
		<input>
			<itemStack>minecraft:leather_helmet</itemStack>
			<oreDict>gemDiamond</oreDict>
		</input>
		<output>
			<itemStack>minecraft:leather_helmet</itemStack>
		</output>
	</Recipe>
	<Recipe timeRequired="100" power ="10">
		<input>
			<itemStack>boots:FallBoots</itemStack>
			<oreDict>gemDiamond</oreDict>
		</input>
		<output>
			<itemStack>boots:FallBoots</itemStack>
		</output>
	</Recipe>
	<Recipe timeRequired="100" power ="10">
		<input>
			<itemStack>thermalfoundation:armor.boots_platinum</itemStack>
			<oreDict>gemDiamond</oreDict>
		</input>
		<output>
			<itemStack>thermalfoundation:armor.boots_platinum</itemStack>
		</output>
	</Recipe>
	<Recipe timeRequired="100" power ="10">
		<input>
			<itemStack>actuallyadditions:itemChestEmerald</itemStack>
			<oreDict>gemDiamond</oreDict>
			<itemStack>advancedrocketry:pressureTank 1 3</itemStack>
		</input>
		<output>
			<itemStack>actuallyadditions:itemChestEmerald</itemStack>
		</output>
	</Recipe>
	<Recipe timeRequired="100" power ="10">
		<input>
			<itemStack>actuallyadditions:itemChestCrystalGreen</itemStack>
			<oreDict>gemDiamond</oreDict>
			<itemStack>advancedrocketry:pressureTank 1 3</itemStack>
		</input>
		<output>
			<itemStack>actuallyadditions:itemChestCrystalGreen</itemStack>
		</output>
	</Recipe>
	<Recipe timeRequired="100" power ="10">
		<input>
			<itemStack>bloodmagic:ItemLivingArmourLegs</itemStack>
			<oreDict>gemDiamond</oreDict>
		</input>
		<output>
			<itemStack>bloodmagic:ItemLivingArmourLegs</itemStack>
		</output>
	</Recipe>
	<Recipe timeRequired="100" power ="10">
		<input>
			<itemStack>railcraft:armor_boots_steel</itemStack>
			<oreDict>gemDiamond</oreDict>
		</input>
		<output>
			<itemStack>railcraft:armor_boots_steel</itemStack>
		</output>
	</Recipe>
	<Recipe timeRequired="100" power ="10">
		<input>
			<itemStack>botania:elementiumBoots</itemStack>
			<oreDict>gemDiamond</oreDict>
		</input>
		<output>
			<itemStack>botania:elementiumBoots</itemStack>
		</output>
	</Recipe>
	<Recipe timeRequired="100" power ="10">
		<input>
			<itemStack>thermalfoundation:armor.helmet_copper</itemStack>
			<oreDict>gemDiamond</oreDict>
		</input>
		<output>
			<itemStack>thermalfoundation:armor.helmet_copper</itemStack>
		</output>
	</Recipe>
	<Recipe timeRequired="100" power ="10">
		<input>
			<itemStack>thermalfoundation:armor.helmet_platinum</itemStack>
			<oreDict>gemDiamond</oreDict>
		</input>
		<output>
			<itemStack>thermalfoundation:armor.helmet_platinum</itemStack>
		</output>
	</Recipe>
	<Recipe timeRequired="100" power ="10">
		<input>
			<itemStack>natura:imp_armor_leggings</itemStack>
			<oreDict>gemDiamond</oreDict>
		</input>
		<output>
			<itemStack>natura:imp_armor_leggings</itemStack>
		</output>
	</Recipe>
	<Recipe timeRequired="100" power ="10">
		<input>
			<itemStack>actuallyadditions:itemHelmCrystalRed</itemStack>
			<oreDict>gemDiamond</oreDict>
		</input>
		<output>
			<itemStack>actuallyadditions:itemHelmCrystalRed</itemStack>
		</output>
	</Recipe>
	<Recipe timeRequired="100" power ="10">
		<input>
			<itemStack>botania:terrasteelLegs</itemStack>
			<oreDict>gemDiamond</oreDict>
		</input>
		<output>
			<itemStack>botania:terrasteelLegs</itemStack>
		</output>
	</Recipe>
	<Recipe timeRequired="100" power ="10">
		<input>
			<itemStack>actuallyadditions:itemChestCrystalBlack</itemStack>
			<oreDict>gemDiamond</oreDict>
			<itemStack>advancedrocketry:pressureTank 1 3</itemStack>
		</input>
		<output>
			<itemStack>actuallyadditions:itemChestCrystalBlack</itemStack>
		</output>
	</Recipe>
	<Recipe timeRequired="100" power ="10">
		<input>
			<itemStack>actuallyadditions:itemBootsEmerald</itemStack>
			<oreDict>gemDiamond</oreDict>
		</input>
		<output>
			<itemStack>actuallyadditions:itemBootsEmerald</itemStack>
		</output>
	</Recipe>
	<Recipe timeRequired="100" power ="10">
		<input>
			<itemStack>thermalfoundation:armor.plate_copper</itemStack>
			<oreDict>gemDiamond</oreDict>
			<itemStack>advancedrocketry:pressureTank 1 3</itemStack>
		</input>
		<output>
			<itemStack>thermalfoundation:armor.plate_copper</itemStack>
		</output>
	</Recipe>
	<Recipe timeRequired="100" power ="10">
		<input>
			<itemStack>actuallyadditions:itemHelmObsidian</itemStack>
			<oreDict>gemDiamond</oreDict>
		</input>
		<output>
			<itemStack>actuallyadditions:itemHelmObsidian</itemStack>
		</output>
	</Recipe>
	<Recipe timeRequired="100" power ="10">
		<input>
			<itemStack>thermalfoundation:armor.boots_tin</itemStack>
			<oreDict>gemDiamond</oreDict>
		</input>
		<output>
			<itemStack>thermalfoundation:armor.boots_tin</itemStack>
		</output>
	</Recipe>
	<Recipe timeRequired="100" power ="10">
		<input>
			<itemStack>thermalfoundation:armor.legs_electrum</itemStack>
			<oreDict>gemDiamond</oreDict>
		</input>
		<output>
			<itemStack>thermalfoundation:armor.legs_electrum</itemStack>
		</output>
	</Recipe>
	<Recipe timeRequired="100" power ="10">
		<input>
			<itemStack>arsmagica2:legs_battlemage</itemStack>
			<oreDict>gemDiamond</oreDict>
		</input>
		<output>
			<itemStack>arsmagica2:legs_battlemage</itemStack>
		</output>
	</Recipe>
	<Recipe timeRequired="100" power ="10">
		<input>
			<itemStack>actuallyadditions:itemBootsCrystalLightBlue</itemStack>
			<oreDict>gemDiamond</oreDict>
		</input>
		<output>
			<itemStack>actuallyadditions:itemBootsCrystalLightBlue</itemStack>
		</output>
	</Recipe>
	<Recipe timeRequired="100" power ="10">
		<input>
			<itemStack>botania:manasteelLegs</itemStack>
			<oreDict>gemDiamond</oreDict>
		</input>
		<output>
			<itemStack>botania:manasteelLegs</itemStack>
		</output>
	</Recipe>
</Recipes>