{
  "path": "mod_actuallyadditions/canola_plant.json",
  "enabled": true,
  "id": "canola_plant",
  "plant_name": "Canola",
  "seed_name": "Canola Seeds",
  "seed_items": [
    {
      "item": "actuallyadditions:itemCanolaSeed",
      "meta": 0,
      "tags": "",
      "ignoreMeta": false,
      "ignoreTags": [
        "*"
      ],
      "useOreDict": false
    }
  ],
  "description": {
    "translations": {},
    "default": "Testing 1, 2, 3."
  },
  "growth_chance": 0.75,
  "growth_bonus": 0.025,
  "bonemeal": true,
  "tier": 1,
  "weedable": false,
  "aggressive": false,
  "spread_chance": 0.1,
  "spawn_chance": 0.0,
  "grass_drop_chance": 0.0,
  "seed_drop_chance": 1.0,
  "seed_drop_bonus": 0.0,
  "products": {
    "products": [
      {
        "min": 1,
        "max": 2,
        "chance": 0.5,
        "required": true,
        "item": "actuallyadditions:itemCanolaSeed",
        "meta": 0,
        "tags": "",
        "ignoreMeta": false,
        "ignoreTags": [],
        "useOreDict": false
      },
      {
        "min": 1,
        "max": 2,
        "chance": 0.5,
        "required": true,
        "item": "actuallyadditions:itemMisc",
        "meta": 13,
        "tags": "",
        "ignoreMeta": false,
        "ignoreTags": [],
        "useOreDict": false
      }
    ]
  },
  "requirement": {
    "min_light": 10,
    "max_light": 16,
    "soils": [
      "farmland_soil"
    ],
    "conditions": []
  },
  "texture": {
    "render_type": "cross",
    "seed_texture": "ActuallyAdditions:items/itemCanolaSeed",
    "plant_textures": [
      "ActuallyAdditions:blocks/blockCanolaStage1",
      "ActuallyAdditions:blocks/blockCanolaStage2",
      "ActuallyAdditions:blocks/blockCanolaStage3",
      "ActuallyAdditions:blocks/blockCanolaStage3",
      "ActuallyAdditions:blocks/blockCanolaStage4",
      "ActuallyAdditions:blocks/blockCanolaStage5",
      "ActuallyAdditions:blocks/blockCanolaStage5",
      "ActuallyAdditions:blocks/blockCanolaStage6"
    ]
  }
}
